cell_type,name,n_genes,genes_available
Ex1,Ex1-CortProject_L23,18,"CAMK2A, CCDC88C, CDH9, DNM1, GNAL, GPR83, GREB1L, HPCAL1, JAG1, KCNK1, KCNV1, LAMP5, MDGA1, NECAB2, PCDH8, PDGFD, SERPINE2"
Ex2,Ex2-Granule_L34,11,"ADCY8, CLMN, COL5A2, GLIS3, LAMA2, OVOL2, PTPRK, SYT10, TRHDE"
Ex3,Ex3-Granule_L4,9,"CHN1, HR, HTR2A, NTNG1, PRDM8, TRIM66, TRPC3, VAV3, VIPR2"
Ex4,Ex4-SubcortProject_L4,17,"ANO3, ANXA1, COL6A1, CXXC4, GABRG1, LMO4, NEUROD6, PAPSS2, PCDH20, PLCXD2, PLCXD3, SCN2A, SLC17A7, TNNT2, TSHZ2"
Ex5,Ex5-SubcortProject_L456,15,"ABCC9, ACOT11, ADTRP, ARSJ, CELF4, CPNE4, IFITM10, IL1RAPL2, KHDRBS3, NEUROD2, RCSD1, RNF182, SORCS2, SV2B, TLL1"
Ex6,Ex6-SubcortProject_L56,38,"ADAMTSL1, ANKRD18A, ATP2C2, BCL11B, CNTNAP3, DLC1, FEZF2, FOXP2, GHR, GRIK3, GRM4, HS3ST4, ITGA8, KIAA1217, LRRC3B, LUZP2, MCC, PCSK5, PDE9A, RASL10A, RGS9, RYR2, RYR3, SDK2, SEMA3E, SEMA5A, SULF1, SYT6, TLE4, TSPAN18, UNC80, VAV2, ZFHX3, ZNF385D"
Ex7,Ex7-CorticothalProject,6,"CHST8, COBL, DPYD, NELL1, PRRX1, SNTG2"
Ex8,Ex8-CorticothalProject_L6,65,"ADRA2A, ANKRD13A, ATP10A, ATP8B1, B3GAT2, CDC14A, CDK18, CLTCL1, CREB5, CRTAC1, CTNNA3, FAM151B, FRAS1, GALNT14, GFRA1, GNG4, GPR153, HGF, HPSE2, ITGA11, ITGB8, KLHL1, LIMS1, LIMS2, LTBP1, MGAT5, MYO10, NFASC, NPTX1, NR4A2, NTNG2, OLFML2B, PDE1A, PDLIM5, PLD5, PTPRU, RASGEF1C, RASSF3, RGS12, RNF152, RRBP1, SATB2, SEC14L5, SFMBT2, SFXN5, SNTB1, SPOCK3, SWAP70, SYNPR, SYT10, TESC, THEMIS, TRPC5, TRPM4"
In1,In1-VIP_RELN_NDNF_L12,2,"CNR1, SDK2"
In2,In2-VIP_L6,7,"CCDC141, COL21A1, GABRA1, GPR149, KCNT2, PPP1R1C, SLC7A11"
In3,In3-VIP_RELN_L6,20,"AHRR, CALN1, CIT, CNTN4, CRIM1, EMID1, EXPH5, IGFBP5, KMO, RYR3, SCTR, SHISA8, SLC12A7, SVEP1, SYT2, TGFB2, TMEM130"
In4,In4-RELN_NDNF_L13,11,"ADAMTS2, DAAM2, EGFR, FREM1, GABRB2, KIT, MYH11, NMBR, PDGFRA, SV2C, TRPC3"
In5,In5-CCK_NOS_CALB_L23,11,"GAL3ST1, HHIP, MTUS2, MYB, PDGFD, SLC2A13, TOX"
In6,In6-PVALB_L45,6,"LRRC38, NXPH1, PVALB, RPH3AL, ZNF703"
In7,In7-SST_CALB_NPY_L56,13,"CKMT1B, COL24A1, DPYSL5, DSP, HPGD, HS6ST2, KIAA1324, NRXN3, PLD1, VWDE"
In8,In8-SST_NOS_L6,4,"CTTNBP2, NMU, TNR"
Astro,Glia-Astro,40,"ABCC9, ACSBG1, AGT, ALDH1L1, BMPR1B, CLTCL1, COL16A1, DLC1, EYA1, FGFR3, GABRG1, GFAP, GJA1, GJB6, GRM3, HGF, ITGA7, ITGB4, KDM5D, MGST1, NWD1, PPP1R3C, PRODH, RANBP3L, RGS9, RNF43, SDC4, SLC14A1, SLC25A18, SLC30A10, SLC39A12, SLC4A4, SLC7A11, SLCO1C1, SPARCL1, TTTY15, USP9Y"
Endo,Glia-Endo,83,"ABCA8, ADAMTS4, ANKRD13A, ANXA1, APOLD1, B2M, B3GNT7, CARNS1, CCDC88C, CDC14A, CEBPD, CLDN11, CNDP1, CNP, CREB5, CTH, CYBRD1, DCN, DSP, EDN3, EDNRB, ENPP2, ERMN, ESAM, FA2H, FERMT1, FLT1, FOLH1, FOXC1, GJB1, GLYCTK, GNG11, GPNMB, GPR37, GPR37L1, GSN, HPGD, IFI27, ITGA1, ITGB8, ITIH5, JAG1, KANK2, KCNH8, KLK6, LPAR1, MAL, MBP, MOBP, MSX1, MYH11, MYO10, NLGN4Y, NR4A2, OLFML2B, OPALIN, PAQR6, PDGFRA, PDLIM5, PEAR1, PLEKHB1, PLP1, PRRX1, RAB31, RCSD1, RGS5, RNASE1, RRBP1, SEMA5A, SPARC, TF, TGM2, TMEM144, UGT8, ZFHX3, ZNF703"
Micro,Glia-Micro,25,"A2M, ALOX5AP, BCL2A1, C3, C3AR1, CD14, CD53, CD74, CD83, CMKLR1, CSF1R, DHRS9, GALR1, HLA-DRA, ITGAX, LAPTM5, LCP1, OLR1, PTPRC, RGS10, ST8SIA4"
OPC,Glia-OPC,53,"A2M, ALOX5AP, ATP13A4, BCL2A1, BLM, C3, C3AR1, CD14, CD53, CD74, CD83, CMKLR1, COL11A1, CSF1R, CXXC4, DHRS9, GALR1, GFRA1, GRIA3, HLA-DRA, HRASLS, IFITM10, IL1RAP, ITGAX, LAPTM5, LCP1, LHFPL3, LRRK2, LUZP2, MEGF11, OLR1, PAX6, PCDH15, PTPRC, RGS10, SCG2, SERPINE2, SHC4, SLITRK1, XYLT1"
Oligo,Glia-Oligo,35,"ABCA8, ADAMTS4, B3GNT7, CARNS1, CLDN11, CNDP1, CNP, ENPP2, ERMN, FA2H, FOLH1, GJB1, GLYCTK, GPNMB, GPR37, GSN, KCNMB4, KLK6, LGI3, MAG, MAL, MBP, MOBP, MSX1, NR4A2, OLFML2B, OPALIN, PAQR6, PLEKHB1, PLP1, RNASE1, RRBP1, TF, TMEM144, UGT8"
